l01	a teenage boy with light tan skin, wild spiky black hair, determined brown eyes, lean athletic build
l02	a young Black man with dark brown skin, short high-top fade with twists on top, confident grin, athletic build
l03	a teenage girl with fair skin, long brown hair in a high ponytail, green eyes, bright smile, athletic
l04	a young man with fair skin, swept blond undercut, sharp blue eyes, cocky smirk
l05	an East Asian teenage girl with a sleek black bob and straight bangs, calm focused eyes
l06	a Latino young man with olive skin, messy curly brown hair, stubble, warm grin
l07	a young Black man with deep brown skin, neat cornrow braids, intense focused eyes, muscular build
l08	a Black teenage girl with rich brown skin, two big curly afro puffs, playful confident expression
l09	a pale young man with long silver hair tied in a low ponytail, sharp crimson eyes, cool rival aura
l10	a stocky young man with a ginger buzz cut, freckles, fierce grin
l11	an anime teenage girl with long pink hair in twin tails, energetic smile, violet eyes
l12	an East Asian teenage boy with messy dark navy-blue hair and a white headband, earnest eyes
l13	a South Asian young man with a black top-knot bun, neat short beard, calm confident eyes
l14	a young woman with light skin, long wavy blonde hair tied low, blue eyes, determined
l15	a young man with medium brown skin, bold purple mohawk, eyebrow piercing, wild grin
l16	a young woman with medium brown skin wearing a black sports hijab, bright determined eyes, athletic
